[{"id":"a5c9aa25.057de8","type":"tab","label":"Flow 1","disabled":false,"info":""},{"id":"56c097c4.5b1718","type":"ui_text","z":"a5c9aa25.057de8","group":"49c94941.0597d8","order":2,"width":0,"height":0,"name":"","label":"Predicition","format":"{{msg.payload}}","layout":"row-spread","x":902,"y":457.8000030517578,"wires":[]},{"id":"4a07e9c4.e281f8","type":"ui_form","z":"a5c9aa25.057de8","name":"","label":"","group":"49c94941.0597d8","order":1,"width":0,"height":0,"options":[{"label":"DistanceFromHome","value":"distance","type":"number","required":true},{"label":"Gender","value":"gender","type":"number","required":true},{"label":"HourlyRate","value":"hours","type":"number","required":true},{"label":"JobLevel","value":"joblevel","type":"number","required":true},{"label":"JobSatisfaction","value":"jobsatisfaction","type":"number","required":true},{"label":"MonthlyIncome","value":"income","type":"number","required":true},{"label":"NumCompaniesWorked","value":"companiesworked","type":"number","required":true},{"label":"OverTime","value":"overtime","type":"number","required":true},{"label":"PercentSalaryHike","value":"hike","type":"number","required":true},{"label":"WorkLifeBalance","value":"worklifebalance","type":"number","required":true},{"label":"YearsSinceLastPromotion","value":"YearsSinceLastPromotion","type":"number","required":true},{"label":"Age","value":"age","type":"number","required":true}],"formValue":{"distance":"","gender":"","hours":"","joblevel":"","jobsatisfaction":"","income":"","companiesworked":"","overtime":"","hike":"","worklifebalance":"","YearsSinceLastPromotion":"","age":""},"payload":"","submit":"","cancel":"","topic":"","x":122,"y":377.8000030517578,"wires":[["fa03bfcd.8f9bb"]]},{"id":"fa03bfcd.8f9bb","type":"function","z":"a5c9aa25.057de8","name":"parameters","func":"global.set(\"distance\",msg.payload.distance)\nglobal.set(\"gender\",msg.payload.gender)\nglobal.set(\"hours\",msg.payload.hours)\nglobal.set(\"joblevel\",msg.payload.joblevel)\nglobal.set(\"jobsatisfaction\",msg.payload.jobsatisfaction)\nglobal.set(\"income\",msg.payload.income)\nglobal.set(\"companiesworked\",msg.payload.companiesworked)\nglobal.set(\"overtime\",msg.payload.overtime)\nglobal.set(\"hike\",msg.payload.hike)\nglobal.set(\"worklifebalance\",msg.payload.worklifebalance)\nglobal.set(\"YearsSinceLastPromotion\",msg.payload.YearsSinceLastPromotion)\nglobal.set(\"age\",msg.payload.age)\nreturn msg;","outputs":1,"noerr":0,"x":222,"y":277.8000030517578,"wires":[["57f6bfd0.8d6d3","32afbed6.813252"]]},{"id":"57f6bfd0.8d6d3","type":"http request","z":"a5c9aa25.057de8","name":"","method":"GET","ret":"obj","paytoqs":false,"url":"https://eu-gb.ml.cloud.ibm.com/v3/identity/token","tls":"","proxy":"","authType":"basic","x":302,"y":457.8000030517578,"wires":[["a027c41c.04fe18","856c74c.38ace88"]]},{"id":"a027c41c.04fe18","type":"debug","z":"a5c9aa25.057de8","name":"","active":true,"tosidebar":true,"console":false,"tostatus":false,"complete":"payload","targetType":"msg","x":522,"y":517.8000030517578,"wires":[]},{"id":"29375c54.e05744","type":"debug","z":"a5c9aa25.057de8","name":"","active":false,"tosidebar":true,"console":false,"tostatus":false,"complete":"payload","targetType":"msg","x":662,"y":197.8000030517578,"wires":[]},{"id":"84c14c1e.3f56a","type":"function","z":"a5c9aa25.057de8","name":"","func":"msg.payload=msg.payload.values[0][0]\nreturn msg;","outputs":1,"noerr":0,"x":702,"y":397.8000030517578,"wires":[["56c097c4.5b1718"]]},{"id":"856c74c.38ace88","type":"function","z":"a5c9aa25.057de8","name":"prediction","func":"var token = msg.payload.token\nvar distance=global.get('distance')\nvar gender=global.get('gender')\nvar hours=global.get('hours')\nvar joblevel=global.get('joblevel')\nvar jobsatisfaction=global.get('jobsatisfaction')\nvar income=global.get('income')\nvar companiesworked=global.get('companiesworked')\nvar overtime=global.get('overtime')\nvar hike=global.get('hike')\nvar worklifebalance=global.get('worklifebalance')\nvar YearsSinceLastPromotion=global.get('YearsSinceLastPromotion')\nvar age=global.get('age')\nmsg.payload ={\"fields\":[\"DistanceFromHome\",\"Gender\",\"HourlyRate\",\"JobLevel\",\"JobSatisfaction\",\"MonthlyIncome\",\"NumCompaniesWorked\",\"OverTime\",\"PercentSalaryHike\",\"WorkLifeBalanace\",\"YearsSinceLastPromotion\",\"Age\"],values:[[distance,gender,hours,joblevel,jobsatisfaction,income,companiesworked,overtime,hike,worklifebalance,YearsSinceLastPromotion,age]]}\nmsg.headers={\"Authorization\":\"Bearer \"+token}\nreturn msg;\n\n\n","outputs":1,"noerr":0,"x":392,"y":317.8000030517578,"wires":[["a3145ea9.e7a91","a5e2f41e.3eec58"]]},{"id":"a3145ea9.e7a91","type":"http request","z":"a5c9aa25.057de8","name":"","method":"POST","ret":"obj","paytoqs":false,"url":"https://eu-gb.ml.cloud.ibm.com/v3/wml_instances/162af677-5fad-4650-889f-8d3ad30ab721/deployments/625ed83b-b59c-4c62-ac3e-8a50bc55bad9/online","tls":"","proxy":"","authType":"basic","x":462.00000762939453,"y":213.8000030517578,"wires":[["29375c54.e05744","84c14c1e.3f56a"]]},{"id":"32afbed6.813252","type":"debug","z":"a5c9aa25.057de8","name":"","active":true,"tosidebar":true,"console":false,"tostatus":false,"complete":"payload","targetType":"msg","x":313.1000061035156,"y":148,"wires":[]},{"id":"a5e2f41e.3eec58","type":"debug","z":"a5c9aa25.057de8","name":"","active":true,"tosidebar":true,"console":false,"tostatus":false,"complete":"payload","targetType":"msg","x":552.1000366210938,"y":365,"wires":[]},{"id":"49c94941.0597d8","type":"ui_group","z":"","name":"Input Parameters","tab":"fed16eea.1a105","disp":true,"width":"6","collapse":false},{"id":"fed16eea.1a105","type":"ui_tab","z":"","name":"Home","icon":"dashboard"}]